제공기관코드,시설명,분류,어른관람료,위도,경도,운영기관전화번호
4980000,필암서원 유물전시관,,500,35.309853,126.751153,061-390-7224
4190000,원주역사박물관,,0,37.343743,127.962031,033-737-4371
4190000,뮤지엄산미술관,,15000,37.4188689,127.823167,033-730-9000
4190000,오랜미래신화미술관,,0,37.3415286,127.7868199,033-746-5256
4190000,연세대학교 원주박물관,,0,37.2813415,127.899493,033-760-2731
4190000,뮤지엄산박물관,,15000,37.2813415,127.8237167,033-730-9000
4190000,뮤지엄산(청조갤러리),,15000,37.4154428,127.8237167,033-730-9000
4190000,치악산 고판화박물관,,5000,37.2571309,128.1287135,033-761-7885
4700000,남원향토박물관,,0,35.401845,127.386952,063-620-5797
5190000,청도박물관,,0,35.694373,128.686471,054-370-2282
5480000,합천박물관,,0,35.5800105,128.2820898,055-930-4882
5480000,합천한의학박물관,,2000,35.537551,128.101642,055-934-0601
5480000,해인사성보박물관,,2000,35.796694,128.076062,055-934-3150
5230000,신풍미술관,,2000,36.53994783,128.4367743,054-653-9329
5230000,예천박물관,,0,36.69977483,128.514395,054-650-8311
5230000,신풍미술관,,2000,36.53994783,128.4367743,054-653-9329
5230000,예천박물관,,0,36.69977483,128.514395,054-650-8311
3490000,인천개항박물관,,500,37.4732355,126.6182431,032-760-7508
3490000,짜장면박물관,,500,37.4748195,126.6160083,032-773-9812
3490000,영종역사관,,1000,37.489195,126.576549,032-760-6300
3490000,중구생활사전시관,,1000,37.472437,126.6222392,032-766-2202
3490000,인천개항장 근대건축전시관,,500,37.4728595,126.6211542,032-760-7549
3490000,한중문화관,,1000,37.4735399,126.6187688,032-760-7860
3780000,성남아트센터 큐브미술관,,0,37.402839,127.130404,031-783-8000
3780000,현대어린이책미술관 MOKA,,0,37.392562,127.111996,031-5170-3700
3780000,미누현대미술관,,8000,37.44616,127.149446,031-754-9696
3780000,신구대학교식물원 갤러리 우촌,,7000,37.433957,127.081509,031-724-1625
3780000,판교박물관,,0,37.400791,127.095656,031-729-4535
3780000,신구대학 우촌박물관,,0,37.448846,127.167645,031-740-1258
6520000,기당미술관,,1000,33.2446568,126.5517975,064-733-1586
6520000,신영영화박물관 무비스타,,9000,33.2746312,126.7058491,064-805-0008
6520000,초콜릿 박물관,,6000,33.2576761,126.2287876,064-792-3121
6520000,제주추사관,,0,33.249837,126.2786308,064-710-6803
6520000,조안베어뮤지엄,,5000,33.2402854,126.4342037,064-739-1024
6520000,소암기념관,,0,33.245175,126.567688,064-760-3511
6520000,유인미술관,,12000,33.4291727,126.9300971,064-731-7791
6520000,김영갑갤러리 (두모악),,4500,33.3720645,126.8541795,064-784-9905
6520000,제주커피박물관 바움,,0,33.4398006,126.8991174,064-784-2255
6520000,세계오지민속박물관 (베니스랜드),,12000,33.414387,126.8406543,064-784-6565
6520000,제주해양과학관 (아쿠아플라넷),,40900,33.4345727,126.9263432,064-780-0900
6520000,제주항공우주박물관,,10000,33.304846,126.29972,064-800-2009
6520000,본태박물관,,20000,33.3037917,126.3923999,064-792-8108
6520000,설록차전시관,,0,33.3063942,126.2905203,064-794-5312
6520000,제주건강과 성 박물관,,12000,33.2546582,126.3467011,064-792-5700
6520000,포레스트판타지아,,15000,33.256807,126.321633,064-794-9680
6520000,세계자동차 제주박물관,,11000,33.2831948,126.349772,064-792-3000
6520000,헬로키티아일랜드,,14000,33.2902193,126.3498521,064-792-6114
6520000,SOS박물관,,12000,33.2472388,126.5092079,064-738-1448
6520000,닥종이인형박물관,,5000,33.2472388,126.5092079,064-739-3906
6520000,아프리카 박물관,,10000,33.2398402,126.4291443,064-738-6565
6520000,이중섭미술관,,1500,33.2459155,126.5649489,064-760-3567
6520000,박물관은살아있다,,12000,33.2549224,126.4087187,064-805-0888
6520000,곰완구전시관 (테디베어뮤지엄),,10000,33.2486522,126.4124374,064-738-7600
6520000,제주유리박물관,,9000,33.278578,126.3702742,064-792-6262
6520000,왈종미술관,,5000,33.2452223,126.5738961,064-763-3600
6520000,세계조가비박물관,,6000,33.2474572,126.551644,064-762-5551
6520000,자연사랑 미술관,,0,33.3554682,126.7714844,064-787-3110
6520000,제주민속촌,,11000,33.3223451,126.8414874,064-787-4501
6520000,세계술박물관,,5000,33.353959,126.817669,064-787-9500
6520000,감귤박물관,,1500,33.2715236,126.6076604,064-760-6398
3080000,박을복자수박물관,,6000,37.653998,127.008541,02-990-7000
4950000,무안군오승우미술관,,0,34.852575,126.415342,061-450-5482
4070000,이천시립월전미술관,,2000,37.279731,127.424379,031-637-0033
4070000,이천시립박물관,,0,37.275088,127.427271,031-635-8500
3310000,유엔평화기념관,,0,35.125133,129.093215,051-901-1400
3310000,경성대학교박물관,,0,35.138757,129.098196,051-663-5381
3310000,부경대학교박물관,,0,35.133925,129.103718,051-629-6771
3310000,부산시립박물관,,0,35.129802,129.092946,051-610-7150
3310000,경성대학교미술관,,0,35.139741,129.098121,051-663-5361
4040000,하남역사박물관,,0,37.544479,127.207212,031-790-7915
4570000,정림사지박물관,,1500,36.278819,126.915851,041-832-2721
3230000,예송미술관,,0,37.502096,127.093223,02-2147-2810
3230000,한국광고박물관,,0,37.515804,127.099629,02-2144-0116
3230000,소마미술관,,3000,37.516853,127.118219,02-425-1077
3230000,서울올림픽기념관,,0,37.520285,127.115438,02-410-1354
3230000,롯데월드민속박물관,,5000,37.511211,127.097607,1661-2000
3230000,한미사진미술관,,6000,37.51645,127.113703,02-418-1315
3230000,한성백제박물관,,0,37.515488,127.119013,02-2152-5800
3230000,몽촌역사관,,0,37.523868,127.122106,02-2152-5900
3230000,롯데월드아쿠아리움,,29000,37.513652,127.102892,1661-2000
3230000,롯데뮤지엄,,13000,37.51254,127.100381,02-3213-1132
3090000,옹기민속박물관,,0,37.65448,127.01465,02-900-0900
3090000,덕성여자대학교 박물관,,0,37.66877,127.04707,02-901-8131
3090000,산악박물관,,0,37.68748,127.03408,02-909-3693
4760000,신평생활사박물관,,0,35.6571911,127.2218922,063-640-4121
4860000,조태일 시문학기념관,,0,35.1334403,127.3685909,061-362-5868
5470000,거창박물관,,0,35.674153,127.91068,055-940-8740
3830000,김중업건축박물관,,0,37.4176732,126.9159323,031-687-0909
3830000,안양박물관,,0,37.4176732,126.9159323,031-687-0909
3830000,돌석도예박물관,,3000,37.3791442,126.9027933,031-464-7734
3250000,한광미술관,,0,35.1090054,129.0352492,051-469-0095
6500000,국립제주박물관,,0,33.5139974,126.5489702,064-720-8000
6500000,민속자연사박물관,,2000,33.5061399,126.5316454,064-710-7708
6500000,제주교육박물관,,0,33.494451,126.5382743,064-752-9101
6500000,신영영화박물관 무비스타,,9000,33.2746312,126.7058491,064-805-0008
6500000,제주민속촌,,11000,33.3223451,126.8414874,064-787-4501
6500000,제주대학교?박물관,,0,33.4564717,126.5653851,064-754-2242
6500000,설록차전시관,,0,33.3063942,126.2905203,064-794-5312
6500000,제주평화박물관,,6000,33.3056558,126.249338,064-772-2500
6500000,감귤박물관,,1500,33.2715236,126.6076604,064-760-6398
6500000,아프리카 박물관,,10000,33.2398402,126.4291443,064-738-6565
6500000,제주돌박물관,,5000,33.4486627,126.6589493,064-710-7731
6500000,제주건강과 성 박물관,,12000,33.2546582,126.3467011,064-792-5700
6500000,파파월드,,13000,33.412352,126.3904153,064-799-7272
6500000,해녀박물관,,1100,33.5230497,126.8628483,064-782-9898
6500000,세계자동차 제주박물관,,11000,33.2831948,126.349772,064-792-3000
6500000,테마공원 선녀와나무꾼,,11000,33.4791256,126.7013044,064-784-9004
6500000,조안베어뮤지엄,,5000,33.2402854,126.4342037,064-739-1024
6500000,김만덕기념관,,0,33.5159804,126.5304208,064-759-6090
6500000,초콜릿 박물관,,6000,33.2576761,126.2287876,064-792-3121
6500000,곰완구전시관 (테디베어뮤지엄),,10000,33.2486522,126.4124374,064-738-7600
6500000,제주유리박물관,,9000,33.278578,126.3702742,064-792-6262
6500000,제주4.3 평화기념관,,0,33.4505801,126.6181207,064-710-8435
6500000,설문대여성문화센터여성역사문화전시관,,0,33.4844207,126.500595,064-710-4246
6500000,세계조가비박물관,,6000,33.2474572,126.551644,064-762-5551
6500000,메이즈 뮤지움,,11000,33.488752,126.8009299,064-784-3838
6500000,다희연 티 뮤지엄,,5000,33.4868918,126.7068136,064-782-0005
6500000,제주해양과학관 (아쿠아플라넷),,40900,33.4345727,126.9263432,064-780-0900
6500000,SOS박물관,,12000,33.2472388,126.5092079,064-738-1448
6500000,본태박물관,,20000,33.3037917,126.3923999,064-792-8108
6500000,넥슨컴퓨터 박물관,,8000,33.4720996,126.485864,064-745-1994
6500000,헬로키티아일랜드,,14000,33.2902193,126.3498521,064-792-6114
6500000,제주항공우주박물관,,10000,33.304846,126.29972,064-800-2009
6500000,한울랜드뮤지엄,,9000,33.4966373,126.7509617,064-783-5788
6500000,세계오지민속박물관 (베니스랜드),,12000,33.414387,126.84049,064-784-6565
6500000,제주커피박물관 바움,,0,33.4398006,126.8991174,064-784-2255
6500000,닥종이인형박물관,,5000,33.2472388,126.5092079,064-739-3906
6500000,세계술박물관,,5000,33.353959,126.817669,064-787-9500
6500000,기당미술관,,1000,33.2446568,126.5517975,064-733-1586
6500000,이중섭미술관,,1500,33.2459155,126.5649489,064-760-3567
6500000,김영갑갤러리 (두모악),,4500,33.3720645,126.8541795,064-784-9905
6500000,자연사랑 미술관,,0,33.3554682,126.7714844,064-787-3110
6500000,러브랜드 미술관,,12000,33.4519922,126.4890053,064-712-6988
6500000,제주 현대미술관,,2000,33.339667,126.265671,064-710-7801
6500000,돌하르방공원,,6000,33.5387743,126.6887213,064-782-0570
6500000,포레스트판타지아,,15000,33.256807,126.321633,064-794-9680
6500000,제주도립 김창열미술관,,2000,33.3389037,126.2682351,064-710-4141
6500000,제주 유리의 성,,11000,33.3148365,126.2734488,064-772-7777
6500000,소암기념관,,0,33.245175,126.567688,064-760-3511
6500000,제주 도립미술관,,2000,33.4526324,126.4896073,064-710-4300
6500000,제주추사관,,0,33.249837,126.2786308,064-710-6803
6500000,박물관은살아있다,,12000,33.2549224,126.4087187,064-805-0888
6500000,그리스신화박물관,,9000,33.347722,126.3568108,064-773-5800
6500000,왈종미술관,,5000,33.2452223,126.5738961,064-763-3600
6500000,성안미술관,,0,33.4811852,126.5426318,064-729-9175
6500000,아라리오뮤지엄,,10000,33.5174219,126.5234393,064-720-8250
6500000,유인미술관,,12000,33.4291727,126.9300971,064-731-7791
3450000,경북대학교 박물관,,0,35.8887118,128.613693,053-950-6537
3450000,대구보건대학교 인당박물관,,0,35.9285673,128.5435311,053-320-1857
3450000,경북대학교 미술관,,0,35.8925724,128.6098044,053-950-7968
4590000,백제문화체험박물관,,2000,36.405991,126.845497,041-940-4871
3470000,계명대학교 행소박물관,,0,35.85355716,128.4814952,053-580-6992
3530000,소래역사관,,500,37.3986024,126.7372037,032-460-0591
3530000,애보박물관,,2500,37.4503884,126.7670568,032-466-3181
3530000,한국전통음식박물관,,2500,37.4503884,126.7670568,032-466-3181
4900000,규남박물관,,0,35.110024,127.080017,070-4233-9060
4900000,다산미술관,,0,35.023337,127.126387,061-371-3443
4900000,소소미술관,,0,35.035937,126.905588,061-375-1995
4900000,소아르미술관,,0,35.075493,126.959489,061-371-8585
6450000,교동아트미술관,,0,35.815462,127.151153,063-287-1245
6450000,전주미술관,,4000,35.817156,127.154004,063-283-8887
6450000,누벨벡미술관,,0,35.8178875,127.1049278,063-222-7235
6450000,예깊미술관,,0,35.984778,126.709594,063-911-2207
6450000,이당미술관,,0,35.988404,126.71125,063-446-5903
6450000,익산예술의전당 미술관,,0,35.951958,126.987815,1577-0072
6450000,W미술관,,0,35.955508,126.984262,063-835-3033
6450000,정읍시립미술관,,0,35.5523265,126.8614731,063-539-7114
6450000,수지미술관,,3000,35.327258,127.34781,063-631-1009
6450000,예가람길 미술관,,0,35.407717,127.381008,063-632-0080
6450000,전라북도도립미술관,,0,35.727709,127.106939,063-280-2114
6450000,VM(비주얼 미디어)아트 미술관,,0,35.9062419,127.0662406,070-8915-8123
6450000,최북미술관,,0,36.0030223,127.665292,063-320-2114
6450000,금구원야외조각미술관,,2000,35.620622,126.4888609,063-584-6770
6450000,휘목미술관,,0,35.5943974,126.5635292,063-584-0006
6450000,국립전주박물관,,0,35.8013325,127.089717,063-223-5651
6450000,미륵사지유물전시관,,0,36.011508,127.0286,063-830-0900
6450000,전주역사박물관,,0,35.8011595,127.0933583,063-228-6485
6450000,익산보석박물관,,3000,35.9906601,127.1025892,063-859-4641
6450000,남원향토박물관,,3000,35.4017971,127.3870909,063-620-6792
6450000,벽골제농경문화박물관,,0,35.7546256,126.8531044,063-540-4989
6450000,고창판소리박물관,,800,35.4324321,126.7027174,063-560-8061
6450000,전주전통술박물관,,0,35.8170501,127.1535397,063-287-6305
6450000,왕궁리유적전시관,,0,35.9715881,127.0557217,063-859-4631
6450000,어진박물관,,0,35.8162368,127.1493531,063-231-0190
6450000,청자박물관,,3000,35.6114972,126.6513507,063-580-3964
6450000,군산근대역사박물관,,3000,35.9908423,126.7120089,063-454-7870
6450000,동학농민혁명기념관,,0,35.632863,126.8283102,063-536-1894
6450000,전라북도산림박물관,,0,35.4771412,126.9257287,063-652-6792
6450000,진안역사박물관,,0,35.7724537,127.416747,063-430-8086
6450000,익산 마한박물관,,0,36.0019572,127.0604036,063-859-4633
6450000,정읍시립박물관,,0,35.5278764,126.8943986,063-539-6792
6450000,순창장류박물관,,0,35.3696904,127.1109875,063-650-1627
6450000,원불교역사박물관,,0,35.9744656,126.9516069,063-850-3240
6450000,원숭이자연사박물관,,7000,35.668096,126.671406,063-584-0708
6450000,전주한지박물관,,0,35.8490333,127.1002406,063-210-8103
6450000,예수병원의학박물관,,0,35.8143917,127.1332292,063-230-8778
6450000,카메라영상박물관,,0,35.8530108,127.2065584,063-560-6600
6450000,연안이씨종중문적(보물651호)박물관,,3000,36.0252773,127.0162984,063-852-7277
6450000,완주책박물관,,0,35.9061288,127.0661709,070-8915-8131
6450000,전북대학교박물관,,0,35.8462574,127.1320049,063-270-3488
6450000,전주대학교박물관,,0,35.8278271,127.0947355,063-220-2159
6450000,군산대학교박물관,,0,35.9468638,126.6813489,063-469-4191
6450000,원광대학교박물관,,0,35.96783,126.9557171,063-850-5482
5540000,일본군''위안부''역사관,,5000,37.444562,127.321562,031-768-0064
5540000,영은미술관,,6000,37.414001,127.268622,031-761-0137
5540000,닻미술관,,2000,37.383788,127.271245,031-798-2581
5540000,만해기념관,,2000,37.479384,127.180638,031-744-3100
5540000,사람박물관 얼굴,,4000,37.493941,127.302021,031-765-3522
5540000,풀짚공예박물관,,3000,37.3641982,127.1650975,031-717-4538
4540000,백제군사박물관,,0,36.1921898,127.1804012,041-746-8432
5690000,세종특별자치시립 민속박물관,,0,36.60908935,127.1706127,044-300-8831
5690000,교과서박물관,,0,36.54845293,127.3374851,044-300-8831
5690000,뒤웅박고을,,0,36.67572133,127.2592905,044-868-7007
5690000,연기향토박물관,,3000,36.59562583,127.2078284,044-862-7449
5690000,산림박물관,,1500,36.43769724,127.2327447,044-850-2686
5690000,국립조세박물관,,0,36.48505909,127.2603138,044-204-4646
3620000,남도향토음식박물관,,0,35.202101,126.898701,062-410-6638
5350000,대성동고분박물관,,0,34.42543,128.8730958,055-330-6881
5350000,클레이아크 김해미술관,,2000,35.2511084,128.7447532,055-340-7000
3980000,고구려대장간마을,,0,37.560824,127.110923,031-550-2363
3210000,외교박물관,,0,37.4833638,127.0306263,02-3497-8700
3210000,전기박물관,,0,37.4861503,127.0276488,02-2105-8192
3210000,관문사성보박물관,,0,37.473701,127.022231,02-3460-5300
3210000,인도박물관,,3000,37.4841335,127.0192284,02-585-2185
3210000,서울서예관,,0,37.4783641,127.012144,02-580-1282
3210000,한가람디자인미술관,,0,37.4799011,127.0125692,02-580-1282
3210000,한가람미술관,,0,37.4803259,127.0141302,02-580-1282
3210000,유리지공예관,,0,37.4577928,127.0123282,02-578-6663
3210000,한원미술관,,0,37.4817557,127.0153202,02-588-5642
3520000,인천광역시립박물관,,0,37.420575,126.653394,032-440-6750
3520000,가천박물관,,0,37.4183415,126.6577304,032-833-4747
6480000,경남도립미술관,,1000,35.239711,128.690898,055-254-4600
4670000,군산근대역사박물관,,2000,35.990772,126.712031,063-454-7870
5380000,양산시립박물관,,0,35.358438,129.048791,055-392-3314
5150000,의성조문국박물관,,0,36.273959,128.676992,054-830-6909
4940000,영암군립하정웅미술관,,0,34.760825,126.622134,061-470-6841
4940000,영암도기박물관,,0,34.760422,126.620688,061-470-6851
5110000,상주자전거박물관,,0,36.45371,128.255212,054-534-4973
5110000,함창 명주박물관,,0,36.576501,128.159804,054-541-9260
5110000,상주박물관,,1000,36.460531,128.240759,054-537-6752
3150000,허준박물관,,1000,37.567669,126.851032,02-3661-8686
3150000,겸재정선미술관,,1000,37.572048,126.838232,02-2659-2206
4690000,정읍시립미술관,,0,35.552443,126.861538,063-539-6419
4690000,정읍시립박물관,,0,35.5277169,126.894646,063-539-6792
3040000,건국대학교박물관,,0,37.542193,127.076718,02-450-3880
3040000,세종대학교박물관,,0,37.552054,127.073644,02-3408-3277
3970000,추사박물관,,2000,37.4528804,127.0286591,02-2150-3650
3110000,세계다문화박물관,,7000,37.6187179,126.9325323,02-323-6848
3110000,은평역사한옥박물관,,1000,37.6403687,126.9380375,02-351-8524
5330000,통영옻칠미술관,,3000,34.855059,128.442932,055-649-5257
5330000,전혁림미술관,,0,34.826732,128.415164,055-645-7349
5330000,통영시립박물관,,2000,34.840684,128.416418,055-646-8371
3160000,평강 성서유물박물관,,2000,37.4919053,126.835287,02-2686-9496
5370000,거제박물관,,3000,34.894041,128.686198,055-687-6790
5370000,거제민속박물관,,2000,34.950113,128.677426,055-637-3722
5370000,해금강테마박물관,,6000,34.740586,128.662753,055-632-0670
5370000,외도조경식물원,,11000,34.769544,128.712954,070-7715-3330
5370000,거제어촌민속전시관,,3000,34.833899,128.701484,055-639-8270
5370000,포로수용소유적박물관,,7000,34.876542,128.624447,055-639-8125
3280000,국립해양박물관,,0,35.07856349,129.0802456,051-309-1900
3500000,수도국산달동네박물관,,1000,37.477214,126.639075,032-770-6133
5310000,진주시립 이성자미술관,,2000,35.176177,128.142911,055-749-3661
5310000,국립진주박물관,,2000,35.264325,128.1694,055-742-5951
5310000,경상대학교 부속박물관,,0,35.154983,128.102217,055-772-0601
5310000,진주 청동기문화박물관,,0,35.155341,128.101981,055-749-5172
4050000,삼성 교통박물관,,6000,37.301156,127.217029,031-320-9900
4050000,한국등잔박물관,,4000,37.336675,127.177097,031-334-0797
4050000,명지대학교박물관,,0,37.224031,127.186713,031-330-6074
4050000,용인대학교박물관,,0,37.226722,127.168284,031-8020-3001
4050000,경희대학교혜정박물관,,0,37.240848,127.081641,031-201-2014
4050000,단국대학교석주선기념박물관,,0,37.323105,127.127897,031-8005-2389
4050000,경기도박물관,,4000,37.268263,127.111962,031-288-5300
4050000,경기도어린이박물관,,4000,37.268263,127.111962,031-270-8636
4050000,한국민속촌박물관,,18000,37.262171,127.119696,031-288-0000
4050000,삶의이야기가있는집,,0,37.175593,127.295545,031-334-4115
4050000,호암미술관,,4000,37.294586,127.193861,031-320-1800
4050000,용인문화유적전시관,,0,37.273997,127.157071,031-324-4796
4050000,예아리박물관,,5000,37.141902,127.363518,031-323-7277
4050000,신영숙컬렉션박물관,,9000,37.277819,127.090374,031-282-8845
4050000,설민민화박물관,,0,37.189385,127.277021,031-336-1541
4050000,한국미술관,,0,37.309165,127.131941,031-284-6418
4050000,이영미술관,,9000,37.277819,127.090374,031-213-8223
4050000,마가미술관,,4000,37.331711,127.192921,031-334-0365
4050000,백남준아트센터,,4000,37.267944,127.108803,031-201-8500
4050000,안젤리미술관,,5000,37.184602,127.231844,031-323-1968
5240000,청량산박물관,,0,36.788172,128.893923,054-679-6672
5240000,충재박물관,,0,36.9053101,128.7423901,054-674-0963
6310000,울산박물관,,0,35.313923,129.183193,052-222-8501
6310000,울산암각화박물관,,0,35.362893,129.101423,052-229-4797
6310000,울산대곡박물관,,0,35.619116,129.169213,052-229-6638
3920000,동두천시 경기북부어린이박물관,,4000,37.944561,127.064454,031-860-2860
3920000,자유수호평화박물관,,1000,37.942451,127.066069,031-860-3333
6270000,대구미술관,,1000,35.82688,128.674278,053-803-7900
4160000,가일미술관,,3000,37.6600185,127.3793615,031-584-4722
4160000,남송미술관,,3000,37.9043998,127.4719645,031-581-0772
4160000,설미재미술관,,3000,37.6607799,127.4820605,031-585-6276
4160000,일지미술관,,0,37.8327807,127.3452777,031-585-0180
5430000,남해유배문학관,,2000,34.83193,127.899138,055-860-8626
5430000,보물섬마늘나라,,0,34.817123,127.924634,055-860-3986
4090000,덕포진교육박물관,,2500,37.6506247,126.5387635,031-989-8580
4090000,보름산미술관,,0,37.5961949,126.760857,031-985-0005
4090000,CICA미술관,,5000,37.6081905,126.5978384,031-988-6363
4090000,다도박물관,,5000,37.7377831,126.5744552,031-998-1000
4090000,CICA미술관,,5000,37.6081001,126.597738,031-988-6363
4090000,보름산미술관,,0,37.596163,126.760913,031-985-0005
4090000,외할머니의 부엌,,2000,37.649977,126.538958,031-984-1993
4090000,김포다도박물관,,5000,37.737557,126.574376,031-998-1000
4090000,덕포진교육박물관,,3000,37.650616,126.538711,031-989-8580
5710000,청주고인쇄박물관,,0,36.383846,127.281754,043-201-4262
5710000,청주시립미술관,,1000,36.634679,127.476215,043-201-2650
4810000,여수민속전시관,,0,34.846393,127.556089,061-683-2231
4810000,아쿠아플라넷여수,,23000,34.746408,127.748355,061-660-1111
3120000,서대문자연사박물관(3월~10월),,6000,37.578662,126.937836,02-330-8899
3120000,서대문자연사박물관(11월~2월),,6000,37.578662,126.937836,02-330-8899
3120000,서대문형무소역사관(3월~10월),,3000,37.576204,126.955574,02-360-8585
3120000,서대문형무소역사관(11월~12월),,3000,37.576204,126.955574,02-360-8585
5450000,산청한의학박물관,,2000,35.441508,127.830578,055-970-6623
5450000,산청박물관,,0,35.4914462,127.8312211,070-8990-2133
3650000,한국족보박물관,,0,36.285708,127.388397,042-582-4445
3180000,63아트,,13000,37.520616,126.939977,02-789-5663
3180000,63아쿠아플라넷,,25000,37.520616,126.939977,02-789-5663
3180000,한국잡지박물관,,0,37.519617,126.930424,02-360-0041
5010000,증도갯벌생태전시관,,0,34.964945,126.136929,061-275-8400
5010000,하의3도농민운동기념관,,0,34.616463,126.02834,061-240-8865
5010000,증도소금박물관,,0,34.99651,126.17555,061-275-0829
5010000,저녁노을미술관,,3000,34.843801,126.253046,061-271-1145
5010000,박득순미술관,,0,34.683654,125.42337,02-502-4646
5390000,의병박물관,,0,35.3148157,128.2596043,055-570-2345
3360000,록봉민속교육박물관,,5000,35.03153063,128.8135847,051-892-5997
4430000,옥천향토전시관,,0,36.377428,127.634977,043-730-3417
4430000,가산박물관,,0,36.404813,127.622194,043-733-9129
5530000,엄미술관,,1000,37.2054932,126.9792036,031-222-9188
5530000,향토박물관,,0,37.13336199,126.9289882,031-369-6376
5530000,용주사효행박물관,,0,37.21219026,127.0050337,031-232-0660
5530000,수원대학교박물관,,0,37.20641141,126.9752831,031-220-2341
4320000,박수근미술관,,3000,38.0963789,127.9814765,033-480-2662
4320000,양구백자박물관,,0,38.2073417,127.9515399,033-480-2664
4320000,양구선사박물관,,0,38.1228402,127.9903842,033-480-2677
4320000,양구근현대사박물관,,0,38.1228402,127.9903842,033-482-1945
4320000,양구인문학박물관,,0,38.121961,127.981208,033-482-9800
B553081,쌀문화관,,0,37.190095,127.455374,031-632-6607
4010000,시흥역사자료전시관,,0,37.3904085,126.804756,031-317-0827
4010000,창조자연사박물관,,8000,37.4336832,126.786468,031-435-1009
4010000,소전미술관,,3000,37.4519274,126.785502,031-313-1211
4580000,한국최초 성경전래지 기념관,,1000,36.131405,126.500519,041-951-1816
4580000,월남이상재선생 전시관,,0,36.099882,126.806215,041-950-4225
4580000,서천 이하복 고택 전시관,,1500,36.0809383,126.7593627,041-951-4741
5420000,고성탈박물관,,2000,34.971094,128.333769,055-670-2948
5420000,고성박물관,,0,34.979773,128.3210129,055-670-5822
5420000,고성공룡박물관,,3000,34.908371,128.148669,055-670-4451
4640000,어진박물관,,3000,35.816227,127.149424,063-231-0090
4640000,전주역사박물관,,0,35.801596,127.092567,063-228-6485
4640000,전주미술관,,5000,35.817799,127.155973,063-283-8887
4640000,교동아트미술관,,0,35.815698,127.151178,063-287-1244
4180000,애니메이션박물관,,7000,37.893034,127.691868,033-245-6444
4180000,권진규미술관,,10000,37.920018,127.805345,033-243-2111
4180000,이상원미술관,,6000,37.968163,127.578688,033-255-9001
4180000,춘천미술관,,0,37.8824701,127.731333,033-241-1856
4180000,LIUSEUM 세계민족악기전시관,,0,37.789935,127.525807,031-580-8016
4180000,한림대학교박물관,,0,37.8866303,127.735395,033-248-2851
4180000,강원대학교박물관,,0,37.869456,127.744471,033-250-8075
4180000,춘천막국수체험박물관,,1000,37.9487003,127.7497605,033-244-8869
4180000,인형극박물관,,2000,37.921096,127.719997,033-242-8450
4180000,KT&G 상상마당 춘천 아트센터,,4000,37.873845,127.7023528,033-818-3200
4500000,공주민속극박물관,,3000,36.502221,127.148113,041-855-4933
4500000,임립미술관,,5000,36.395926,127.139589,041-856-7749
4500000,석장리박물관,,1300,36.447599,127.189665,041-840-8924
4500000,충남역사박물관,,0,36.453688,127.127152,041-856-8608
4500000,계룡산자연사박물관,,9000,36.366382,127.2463408,042-825-4052
4500000,동산박물관,,5000,36.4024543,127.2324729,041-858-5009
4340000,DMZ박물관,,0,38.356811,128.382854,033-681-0625
4340000,화진포역사안보전시관,,3000,38.472546,128.44335,033-680-3363
4340000,화진포해양박물관,,5000,38.481341,128.435699,033-680-3674
4340000,6.25전쟁체험기념관,,0,38.584071,128.37366,033-682-6625
4340000,화진포생태박물관,,3000,38.472929,128.443626,033-681-8311
4340000,진부령미술관,,0,38.265216,128.358782,033-681-7667
4490000,천안박물관,,0,36.7866859,127.1631668,041-521-2891
4490000,유관순열사기념관,,0,36.7596383,127.307419,041-521-2821
4490000,이동녕기념관,,0,36.790619,127.239474,041-521-2821
4490000,독립기념관,,0,36.783581,127.223204,041-560-0500
4490000,복권박물관,,0,36.848221,127.203788,02-2073-7755
4490000,도계민화박물관,,0,36.792906,127.172173,041-551-6886
4490000,백석대학교 기독교박물관,,0,36.840349,127.1850175,041-850-8733
4490000,천안예술의전당미술관,,0,36.756984,127.2258439,041-901-6610
4490000,리각미술관,,3000,36.8204677,127.185948,070-4111-3463
4240000,삼척시립박물관,,0,37.438862,129.158618,033-575-0768
5600000,포천역사문화관,,0,37.890447,127.198245,031-538-3029
5120000,문경도자기박물관,,0,36.741464,128.084158,054-550-6416
5120000,문경석탁박물관,,2000,36.654069,128.061892,054-550-6422
5120000,옛길박물관,,1000,36.768429,128.081706,054-550-6422
5120000,문경자연생태박물관,,2000,36.753595,128.076461,054-550-8384
6300000,대전광역시립미술관,,500,36.366779,127.385718,042-270-7370
6300000,대전역사박물관,,0,36.336702,127.335148,042-270-8600
6300000,대전선사박물관,,0,36.372117,127.323866,042-270-8640
6300000,한국족보박물관,,0,36.284085,127.386943,042-582-4445
6300000,한밭교육박물관,,0,36.337406,127.428759,042-670-2200
6300000,화폐박물관,,0,36.377444,127.370668,042-870-1400
6300000,지질박물관,,0,36.377752,127.632287,042-868-3797
6300000,대청댐물문화관,,0,36.474483,127.481511,042-930-7332
6300000,옛터민속박물관,,0,36.215141,127.440509,042-274-0016
6300000,대전아쿠아리움,,21000,36.309949,127.420715,042-226-2100
6300000,충남대학교 박물관,,0,36.37132,127.345334,042-821-6042
6300000,충남대학교 자연사박물관,,0,36.363745,127.345296,042-821-5292
6300000,한남대학교 중앙박물관,,0,36.354766,127.422522,042-629-7696
6300000,한남대학교 자연사박물관,,0,36.354766,127.422522,042-629-7699
6300000,대전대학교 박물관,,0,36.336327,127.461447,042-280-2691
6300000,배재대학교 박물관,,0,36.320538,127.366161,042-520-5259
5140000,군위숭덕박물관,,0,36.2357594,128.5676771,054-380-6064
5140000,경북대학교자연사박물관,,0,36.1213186,128.5769367,054-383-7026
3010000,손기정기념관,,0,37.555599,126.964964,02-364-1936
5050000,경주솔거미술관,,1000,35.83219678,129.2889079,054-740-3990
3700000,울산대학교박물관,,0,35.542515,129.2574755,052-259-2635
3700000,울산박물관,,0,35.5271604,129.3086618,052-222-8501
3700000,장생포고래박물관,,2000,35.502841,129.380749,052-256-6301
4960000,함평군립미술관,,0,35.055093,126.519728,061-320-2276
3940000,고양어린이박물관,,5000,37.6343723,126.8298329,031-839-0300
3940000,가와지볍씨박물관,,0,37.6496916,126.8701537,031-968-3399
5410000,창녕박물관,,0,35.5453928,128.5055114,055-530-1500
5410000,비봉리 패총전시관,,0,35.4087125,128.6360888,055-530-1515
3860000,부천교육박물관,,1000,37.501784,126.798608,032-661-1282
3860000,유럽자기박물관,,1000,37.501784,126.798608,032-661-0238
3860000,부천수석박물관,,1000,37.501784,126.798608,032-655-2900
3860000,부천활박물관,,1000,37.501784,126.798608,032-614-2678
3860000,부천펄벅기념관,,0,37.475676,126.78159,032-668-7565
3860000,부천옹기박물관,,1000,37.512457,126.803032,032-684-9057
3860000,자연생태박물관,,2000,37.505103,126.816137,032-625-3503
3860000,부천로보파크,,5000,37.517179,126.76412,070-7094-5479
3860000,한국만화박물관,,5000,37.50959,126.745903,032-310-3040
5680000,기지시줄다리기박물관,,0,36.896281,126.694763,041-350-4929
5680000,합덕수리민속박물관,,0,36.794128,126.783956,041-350-4931
5680000,심훈기념관,,0,36.952187,126.771431,041-360-6883
5680000,아미미술관,,5000,36.861713,126.680344,041-353-1555
5680000,한국도량형박물관,,3000,36.894846,126.6839951,041-356-9739
3560000,녹청자박물관,,0,37.558198,126.656323,032-560-2932
4170000,양평친환경농업박물관,,0,37.5477477,127.5813391,031-772-3370
4170000,양평곤충박물관,,2500,37.5095313,127.4491461,031-775-8022
4170000,양평군립미술관,,700,37.4971477,127.484026,031-775-8513
4170000,몽양기념관,,800,37.5303488,127.3734399,031-772-2411
4170000,화서기념관,,0,37.6399337,127.4269514,031-774-5326
4170000,황순원문학촌 소나기마을,,1500,37.5950925,127.3779319,031-773-2299
3610000,양림미술관,,0,35.140899,126.912824,062-675-7005
5260000,독도박물관,,0,37.483436,130.900931,054-790-6436
4780000,고창판소리박물관,,0,35.4322881,126.7004753,063-560-8061
4870000,한국압화박물관,,2000,34.797777,126.402222,061-780-2096
5060000,김천세계도자기박물관,,1000,36.116815,128.011175,054-420-6726
5060000,김천시립미술관,,0,36.116651,128.119884,054-420-6724
5220000,경북과학대학교박물관,,0,35.993581,128.338837,054-972-9796
4480000,수양개선사유물전시관,,2000,36.991389,128.335969,043-423-8502
4480000,불교천태중앙박물관,,0,37.043833,128.485103,043-423-9103
3000000,서울교육박물관,,0,37.579728,126.981002,02-2011-5780
3000000,서울역사박물관,,0,37.570462,126.968368,02-724-0274
3000000,꼭두박물관,,3000,37.583653,127.001509,02-766-3315
3000000,목인박물관,,5000,37.573871,126.981445,02-722-5066
3000000,뮤지엄김치간,,5000,37.573514,126.982662,02-6002-6256
3000000,불교중앙박물관,,0,37.573785,126.979708,02-2011-1960
3000000,신문박물관,,3000,37.569506,126.975472,02-2020-1830
3000000,영인문학관,,0,37.611918,126.969468,02-379-3182
3000000,의학박물관,,0,37.577596,126.997698,02-2072-2636
3000000,화정박물관,,3000,37.604561,126.963794,02-2075-0114
3000000,가회민화박물관,,2000,37.58209,126.983483,02-741-0466
3000000,김달진미술자료박물관,,0,37.600016,126.954445,02-730-6216
3000000,떡박물관,,3000,37.574858,126.988435,02-741-5447
3000000,명인박물관,,3000,37.58013,126.982983,02-766-0272
3000000,보나장신구박물관,,5000,37.573542,126.98235,02-732-6621
3000000,북촌동양문화박물관,,5000,37.583986,126.981163,02-723-0190
3000000,북촌박물관,,3000,37.580311,126.982552,02-766-8402
3000000,북촌생활사박물관,,5000,37.584425,126.980778,02-736-3957
3000000,삼성출판박물관,,3000,37.608605,126.954848,02-394-6544
3000000,세계장신구박물관,,7000,37.580936,126.979602,02-730-1610
3000000,쇳대박물관,,4000,37.579765,127.002412,02-766-6494
3000000,쉼박물관,,10000,37.599464,126.953475,02-396-9277
3000000,유금와당박물관,,5000,37.593663,126.960321,02-394-3451
3000000,춘원당한방박물관,,0,37.571463,126.988042,02-367-2005
3000000,한국색동박물관,,3000,37.573843,126.989885,02-765-9286
3000000,한국현대의상박물관,,5000,37.575451,127.003321,02-734-7340
3000000,상명대학교박물관,,0,37.610671,126.973859,02-781-7920
3000000,짚풀생활사박물관,,5000,37.58487,126.99764,02-743-8787
3000000,한국미술박물관,,3000,37.580728,126.986747,02-766-6000
3000000,한무숙문학관,,0,37.587739,126.996396,02-732-3093
3000000,서울대학교 치의학대학원 치의학박물관,,0,37.577596,126.997698,02-740-8799
3000000,성균관대학교 박물관,,0,37.587183,126.990895,02-760-1216
3000000,국립현대미술관(서울관),,4000,37.579622,126.980423,02-3701-9500
3000000,OCI 미술관,,0,37.573325,126.982131,02-734-0440
3000000,JCC미술관,,0,37.587482,127.002069,02-2138-7373
3000000,금호미술관,,0,37.577567,126.979864,02-720-5114
3000000,사비나미술관,,0,37.576691,126.98453,02-736-4371
3000000,상원미술관,,0,37.611868,126.976541,02-396-3185
3000000,성곡미술관,,0,37.573418,126.969306,02-737-7650
3000000,세종문화회관 미술관(세종미술관),,0,37.572712,126.975707,02-399-1156
3000000,아라리오뮤지엄 인스페이스,,10000,37.577955,126.988265,02-736-5700
3000000,아르코미술관,,0,37.580705,127.00321,02-760-4850
3000000,아트선재센터,,5000,37.579722,126.981877,02-733-8945
3000000,아트센터 나비 미술관,,0,37.569884,126.980341,02-2121-1031
3000000,일민미술관,,0,37.569963,126.977718,02-2020-2050
3000000,자하미술관,,0,37.589555,126.960398,02-395-3222
3000000,토탈미술관,,5000,37.612478,126.975728,02-379-7037
3000000,학아재미술관,,0,37.577059,126.990388,02-766-7647
3000000,환기미술관,,0,37.594685,126.966413,02-391-7701
3000000,세화미술관,,12000,37.569798,126.972186,02-2002-7785
3000000,대림미술관,,6000,37.577471,126.973205,02-720-0667
4970000,수다라성보박물관,,0,35.201441,126.548957,061-352-8097
4970000,우리삶문화옥당박물관,,0,35.360902,126.402969,070-7011-6887
5670000,대산미술관,,1000,35.3449178,128.7442235,055-291-5237
3100000,삼육대학교 박물관,,0,37.6431424,127.1062512,02-3399-3636
3100000,서울여자대학교 박물관,,0,37.6292222,127.0905514,02-970-5311
3100000,인덕대학교 아정미술관,,0,37.6313747,127.0555547,02-950-7331
3100000,서울과학기술대학교 미술관,,0,37.6393259,127.067631,02-970-6215
6280000,검단선사박물관,,0,37.5943875,126.6986072,032-440-6790
6280000,송암미술관,,0,37.4344389,126.6422065,032-440-6770
6280000,한국이민사박물관,,0,37.4700955,126.600398,032-440-4710
6280000,인천도시역사관,,0,37.3928059,126.6358689,032-850-6180
6280000,인천광역시립박물관,,0,37.420575,126.653394,032-440-6750
3990000,우석헌자연사박물관,,5000,37.6980145,127.1608542,031-572-9555
3990000,남양주유기농박물관,,2000,37.595598,127.3374459,031-560-1471
3990000,무의자박물관,,0,37.6446062,127.2308497,02-2279-9755
3990000,남양주역사박물관,,1000,37.5463678,127.244399,031-576-0558
3990000,프라움악기박물관,,5000,37.5684736,127.2270339,031-521-0441
3990000,덕소자연사박물관,,7000,37.5799761,127.2300307,031-521-7166
3990000,예당국악박물관,,5000,37.5899271,127.1683672,031-558-4825
3990000,왈츠와닥터만 커피박물관,,5000,37.5919204,127.3385033,031-576-6051
3990000,실학박물관,,4000,37.5159607,127.3005864,031-579-6001
3990000,미호박물관,,7000,37.592649,127.1805868,031-566-7377
3990000,한국탁본자료관,,0,37.5673164,127.2822312,031-576-7908
3990000,모란미술관,,5000,37.6504393,127.3239198,031-594-8001
3990000,서호미술관,,2000,37.6327316,127.3512979,031-592-1865
6110000,둘리뮤지엄,,5000,37.65243153,127.0276397,02-990-2200
6110000,서대문자연사박물관,,6000,37.57675252,126.9378582,02-330-8899
6110000,서대문형무소역사관,,3000,37.57244171,126.9595412,02-360-8590
6110000,서울교육박물관,,0,37.58103147,126.983694,02-2011-5780
6110000,서울상상나라,,4000,37.54945787,127.0862609,02-6450-9500
6110000,서울약령시한의약박물관,,1000,37.58047191,127.0373165,02-969-9241
6110000,서울역사박물관,,0,37.57087947,126.9688292,02-724-0274
6110000,성북선잠박물관,,1000,37.59322963,126.9982179,02-744-0027
6110000,손기정기념관,,0,37.55562546,126.9638899,02-364-1936
6110000,수도박물관,,0,37.64033477,126.9380085,02-3146-5936
6110000,은평역사한옥박물관,,1000,37.58318496,126.9889549,02-351-8524
6110000,종로구립 고희동 미술자료관,,0,37.57126473,127.0350421,02-2148-4165
6110000,청계천박물관,,0,37.5154282,127.1208007,02-2286-3410
6110000,한성백제박물관,,0,37.56787164,126.8510306,02-2152-5800
6110000,허준박물관,,1000,37.58160503,126.9852494,02-3661-8686
6110000,가회민화박물관,,2000,37.48766827,127.0657421,02-741-0466
6110000,경기여자고등학교 경운박물관,,0,37.5596784,126.9632021,02-3463-1336
6110000,고촌이종근기념관,,0,37.47375026,127.022282,02-365-6940
6110000,관문사 성보 박물관,,0,37.55326331,126.9298387,02-3460-5300
6110000,근현대디자인박물관,,5000,37.55361879,126.8507495,070-7010-4346
6110000,기생충박물관,,0,37.60035632,126.9558572,02-2601-3278
6110000,김달진미술자료박물관,,0,37.58369627,127.0037149,02-730-6216
6110000,꼭두박물관,,0,37.5664602,126.9677352,02-766-3315
6110000,농협 농업박물관,,0,37.61877901,126.9325193,02-2080-5727
6110000,세계다문화박물관,,7000,37.52395048,127.0356033,02-323-6848
6110000,도산안창호기념관,,0,37.57490095,126.9906387,02-541-1800
6110000,떡박물관,,3000,37.51375212,127.1044469,02-741-5447
6110000,롯데월드 아쿠아리움,,31000,37.51070945,127.0999377,02-1661-2000
6110000,롯데월드 민속박물관,,5000,37.58016368,126.985185,02-411-4760
6110000,명인박물관,,3000,37.57319771,126.9865478,02-766-0272
6110000,목인박물관,,5000,37.57355543,126.984866,02-722-5066
6110000,뮤지엄김치간,,5000,37.6538158,127.0084889,02-6002-6456
6110000,박을복자수박물관,,6000,37.56401227,126.9725854,02-990-7000
6110000,배재학당역사박물관,,0,37.54427779,126.9592536,02-319-5578
6110000,백범김구기념관,,0,37.57327196,126.9867814,02-799-3400
6110000,보나장신구 박물관,,5000,37.5838838,126.9835971,02-732-6621
6110000,북촌동양문화박물관,,5000,37.580429,126.9847656,02-723-0190
6110000,북촌박물관,,3000,37.584493,126.9829955,02-766-8402
6110000,북촌생활사박물관,,3000,37.57389389,126.9818818,02-736-3957
6110000,불교중앙박물관,,0,37.56539367,127.1477157,02-2011-1960
6110000,브이센터 더 라이브 뮤지엄,,15000,37.6087015,126.9570781,070-4284-8470
6110000,삼성출판박물관,,3000,37.56222376,126.9878243,02-394-6544
6110000,샬트르성바오로수녀회 역사박물관,,0,37.56627097,126.9803939,02-3706-3255
6110000,서울그레뱅뮤지엄,,18000,37.57880969,126.9970208,02-777-4700
6110000,서울대학교병원 의학박물관,,0,37.51889593,127.115509,02-2072-2636
6110000,서울올림픽기념관,,0,37.5081228,127.0618874,02-410-1354
6110000,세계골프역사박물관,,5000,37.58096684,126.9818002,02-2192-3005
6110000,세계장신구박물관,,7000,37.57981529,127.0046233,02-730-1610
6110000,쇳대박물관,,4000,37.59950589,126.9556793,02-766-6494
6110000,쉼박물관,,10000,37.56986879,126.9776582,02-396-9277
6110000,신문박물관 PRESSEUM,,3000,37.51966412,126.9399092,02-2020-1830
6110000,아쿠아플라넷63,,25000,37.55346737,126.9804036,02-780-6382
6110000,안중근의사기념관,,0,37.61189018,126.9717567,02-3789-1026
6110000,영인문학관,,5000,37.60089578,126.990133,02-379-3182
6110000,우리옛돌박물관,,7000,37.559439,126.981751,02-986-1001
6110000,우리은행 은행사박물관,,0,37.55656511,126.940328,02-2002-5090
6110000,우석뮤지엄,,0,37.59371971,126.9626575,02-364-8900
6110000,유금와당박물관,,5000,37.55496014,126.9338173,02-394-3451
6110000,이한열기념관,,0,37.56623131,126.970695,02-325-7216
6110000,이화박물관,,0,37.565564,126.971229,02-2175-1964
6110000,인도박물관,,3000,37.484018,127.019206,02-585-2185
6110000,전기박물관,,0,37.485889,127.028535,02-2105-8190
6110000,전쟁과여성인권박물관,,3000,37.560103,126.914879,02-392-5252
6110000,전쟁기념관,,0,35.448021,128.386295,02-709-3139
6110000,종이나라박물관,,2000,37.559634,127.0061611,02-2279-7901
6110000,짚풀생활사박물관,,5000,37.584851,126.999954,02-743-8787
6110000,초전섬유퀼트박물관,,5000,37.558158,126.984233,02-753-4075
6110000,춘원당한방박물관,,2000,37.571517,126.990288,02-3672-2005
6110000,코리아나화장박물관,,3000,37.524051,127.032784,02-547-9177
6110000,탄허기념박물관,,0,37.479002,127.102944,02-445-8486
6110000,평강성서유물박물관,,2000,37.491971,126.844051,02-2686-9496
6110000,피규어뮤지엄W,,15000,37.525749,127.040384,070-7404-2240
6110000,한국가구박물관,,20000,37.600014,126.9931211,02-745-0181
6110000,한국광고박물관,,0,37.515831,127.099222,02-2144-0116
6110000,한국금융사박물관,,0,37.568461,126.976273,02-738-6806
6110000,한국색동박물관,,400,37.573841,126.992071,02-765-9286
6110000,한국은행 화폐박물관,,0,37.562075,126.980538,02-759-4881
6110000,한국잡지박물관,,6000,37.519773,126.930237,02-360-0041
6110000,한국천주교순교자박물관,,0,37.544408,126.911635,02-3142-4504
6110000,한국현대문학관,,3000,37.560933,127.003671,02-2277-4857
6110000,한국현대의상박물관,,5000,37.575461,127.005507,02-734-7340
6110000,한무숙 문학관,,0,37.587793,126.998591,02-762-3093
6110000,한익환서울아트박물관,,0,37.537991,127.004982,02-796-0100
6110000,혜곡최순우기념관,,0,37.592904,127.000314,02-3675-3401
6110000,호림박물관(신림본관),,4000,37.480795,126.918789,02-858-3874
6110000,호림박물관(신사분관),,4000,37.522648,127.036215,02-541-3523
6110000,화정박물관,,6000,37.604654,126.965901,02-2075-0114
6110000,건국대학교박물관,,0,37.542383,127.075614,02-450-3881
6110000,경희대학교 자연사박물관,,0,37.597711,127.055198,02-961-0142
6110000,경희대학교 중앙박물관,,0,37.597043,127.053142,02-961-0141
6110000,경희대학교 한의학역사박물관,,0,37.596192,127.052551,02-961-2274
6110000,고려대학교박물관,,0,37.589433,127.034532,02-3290-1514
6110000,국민대학교박물관,,0,37.612707,126.993619,02-910-4212
6110000,덕성여자대학교박물관,,0,37.652736,127.016541,02-901-8132
6110000,동국대학교 박물관,,0,37.558591,126.999761,02-2260-3722
6110000,삼육대학교박물관,,0,37.642261,127.107832,02-3399-3065
6110000,상명대학교 박물관,,0,37.610541,126.975955,02-791-7920
6110000,서울대학교치의학대학원치의학박물관,,0,37.577939,126.999605,02-740-8799
6110000,서울대학교박물관,,0,37.464531,126.952209,02-880-5333
6110000,서울시립대학교 박물관,,0,37.583155,127.056948,02-6490-6586
6110000,서울여자대학교박물관,,0,37.629214,127.090583,02-970-5311
6110000,성균관대학교 박물관,,0,37.587447,126.994751,02-760-1216
6110000,성신여자대학교 박물관,,0,37.591711,127.021257,02-920-7325
6110000,성신여자대학교자연사박물관,,2000,37.631784,127.027406,02-920-2057
6110000,성신여자대학교정원박광훈 복식박물관,,2000,37.631776,127.027389,02-920-2657
6110000,세종대학교박물관,,0,37.5515211,127.075253,02-3408-3876
6110000,숙명여자대학교박물관,,0,37.544679,126.964111,02-710-9134
6110000,숙명여자대학교 정영양자수박물관,,0,37.544785,126.964436,02-710-9134
6110000,숭실대학교 한국기독교박물관,,0,37.495555,126.9570711,02-820-0752
6110000,연세대학교박물관,,0,37.561825,126.937904,02-2123-3340
6110000,이화여대박물관,,0,37.560298,126.944735,02-3277-3152
6110000,이화여자대학교 자연사박물관,,0,37.560603,126.948208,02-3277-4700
6110000,한양대학교박물관,,0,37.555271,127.044727,02-2220-1394
6110000,홍익대학교  박물관,,0,37.550714,126.926043,02-320-1323
6110000,동덕여자대학교박물관,,0,37.606597,127.042782,02-940-4232
6110000,겸재정선미술관,,1000,37.5722411,126.838467,02-2659-2206
6110000,서울시립미술관,,0,37.563956,126.973855,02-2124-8800
6110000,남서울미술관,,0,37.476046,126.979558,02-598-6245
6110000,성북구립미술관,,2000,37.594821,126.994897,02-6925-5011
6110000,종로구립 박노수미술관,,3000,37.581322,126.966761,02-2148-4171
6110000,서울과학기술대학교 미술관,,0,37.631589,127.077561,02-970-6215
6110000,서울대학교 미술관,,3000,37.4664211,126.949626,02-880-9504
6110000,숙명여자대학교 문신미술관,,0,37.544785,126.964436,02-2077-7052
6110000,인덕대학교 아정미술관,,0,37.6313911,127.054828,02-950-7331
6110000,한양여자대학교 미술관,,0,37.557983,127.046745,02-2290-2543
6110000,(재)한원미술관,,0,37.481821,127.015831,02-588-5642
6110000,63아트미술관,,12000,37.519441,126.939849,02-780-6382
6110000,JCC아트센터,,10000,37.586943,127.001725,02-2183-7373
6110000,K현대미술관,,15000,37.524267,127.039073,02-2138-0952
6110000,OCI미술관,,0,37.573184,126.982093,02-734-0440
6110000,김세중미술관,,0,37.542007,126.963874,02-717-5129
6110000,금호미술관,,3000,37.577462,126.979899,02-720-5114
6110000,대림미술관,,5000,37.577546,126.973371,02-720-0667
6110000,밀알미술관,,0,37.485667,127.082724,02-3412-0061
6110000,사비나미술관,,3000,37.576518,126.984564,02-736-4371
6110000,삼성미술관 Leeum,,10000,37.538047,126.998771,02-2014-6900
6110000,상원미술관,,1000,37.611653,126.976565,02-396-3185
6110000,성곡미술관,,10000,37.573155,126.969761,02-737-7650
6110000,세종문화회관 미술관(세종미술관),,10000,37.571888,126.976236,02-399-1156
6110000,세화미술관,,0,37.569667,126.972111,02-2002-7786
6110000,소마미술관,,3000,37.516913,127.118221,02-425-1077
6110000,아라리오뮤지엄 인 스페이스,,10000,37.577739,126.988343,02-736-5700
6110000,아르코미술관,,0,37.580488,127.003203,02-760-4850
6110000,아모레퍼시픽미술관,,9000,37.259943,127.110334,02-6040-2345
6110000,아트선재센터,,5000,37.579489,126.981955,02-733-8949
6110000,아트센터나비미술관,,5000,37.569795,126.980315,02-2121-1031
6110000,한가람미술관,,10000,37.480418,127.014258,02-580-1300
6110000,한가람디자인미술관,,10000,37.479918,127.012564,02-580-1300
6110000,예술의전당 서울서예박물관,,5000,37.478275,127.012132,02-580-1300
6110000,유리지공예관,,0,37.457684,127.012369,02-578-6663
6110000,일민미술관,,4000,37.569824,126.977677,02-2020-2050
6110000,자하미술관,,2000,37.589433,126.960411,02-395-3222
6110000,코리아나미술관,,3000,37.524051,127.032784,02-547-9177
6110000,토탈미술관,,3000,37.611903,126.975621,02-379-7037
6110000,포스코미술관,,0,37.505831,127.056088,02-3457-1665
6110000,학아재미술관,,10000,37.577066,126.990426,02-766-7647
6110000,한미사진미술관,,6000,37.516608,127.113971,02-418-1315
6110000,헬로우뮤지움,,5000,37.507358,127.040312,02-3217-4222
6110000,환기미술관,,10000,37.594431,126.966289,02-391-7701
3260000,동아대학교석당박물관,,0,35.103747,129.01941,051-200-8493
3260000,동아대학교석당박물관,,0,35.103747,129.01941,051-200-8749
5020000,포항시립미술관,,0,36.0665386,129.3888426,054-270-4631
5020000,영일민속박물관,,0,36.110838,129.3449843,054-270-5811
3740000,수원광교박물관,,2000,37.296351,127.051421,031-228-4175
3740000,수원화성박물관,,2000,37.282591,127.018985,031-228-4242
3740000,수원박물관,,2000,37.297646,127.035631,031-228-4150
3740000,수원시립아이파크미술관,,4000,37.282704,127.015823,031-228-3800
5160000,청송민속박물관,,0,36.389574,129.083873,054-870-6094
5160000,군립청송야송미술관,,0,36.505966,129.119129,054-872-6436
5160000,청송수석꽃돌박물관,,0,36.3779418,129.1074268,054-873-2400
4800000,목포자연사박물관,,3000,34.793656,126.421087,061-274-3655
4800000,목포생활도자박물관,,3000,34.793659,126.419747,061-270-8480
3390000,사상생활사박물관,,0,35.1720673,128.9786129,051-310-5136
3730000,울주민속박물관,,0,35.436805,129.280915,052-237-0855
3730000,울산옹기박물관,,0,35.435308,129.279535,052-237-7894
3730000,울산해양박물관,,5000,35.3616506,129.3546986,052-239-6708
3730000,충렬공박제상기념관,,0,35.6607115,129.2291455,052-229-9531
6430000,철박물관,,0,37.090891,127.649421,043-883-2321
6430000,한독의약박물관,,0,36.970552,127.465238,043-530-1004
6430000,수양개선사유물전시관,,2000,36.991389,128.335969,043-423-8502
6430000,불교천태중앙박물관,,0,37.043833,128.485103,043-423-9103
6430000,청주고인쇄박물관,,0,36.383846,127.281754,043-201-4262
6430000,청주시립미술관,,1000,36.388846,127.284854,043-201-2650
6430000,충주고구려천문과학관,,3000,37.040354,127.848417,043-842-3247
6430000,세계무술박물관,,0,36.591766,127.544059,043-850-6733
6430000,충렬사유물전시관,,0,36.946228,127.906206,043-850-7302
6430000,충주박물관,,0,37.017107,127.865611,043-850-3927
6430000,조동리선사유적박물관,,0,37.026491,127.961838,043-850-3991
6430000,충주과수과학관,,0,37.044768,127.929021,043-850-3258
6430000,한국교통대학교 박물관,,0,36.969013,127.871751,043-841-5696
6430000,세계술문화박물관,,5000,37.018767,127.865646,043-855-7333
6430000,제천유물전시관,,3000,37.003983,128.171771,043-641-5532
6430000,제천의병전시관,,0,37.100232,128.086173,043-641-4808
6430000,국제한방발효박물관,,0,37.144193,128.160549,043-653-9550
6430000,지적박물관,,5000,37.076952,128.197749,043-651-5115
6430000,옥천향토전시관,,0,36.377428,127.634977,043-730-3417
6430000,영동군 난계국악박물관,,2000,36.210131,127.705152,043-740-3886
6430000,증평민속체험박물관,,0,36.764233,127.595452,043-835-4161
6430000,진천종박물관,,1500,36.870885,127.413701,043-539-3847
6430000,진천군립생거판화미술관,,1500,36.871295,127.414666,043-539-3607
6430000,농업역사박물관,,0,36.805274,127.824563,043-830-2684
4510000,보령박물관,,0,36.3501783,126.5913496,041-930-4947
4510000,보령석탄박물관,,1500,36.3259737,126.6528805,041-934-1902
4510000,모산조형미술관,,0,36.3111117,126.6578842,041-933-8100
5700000,반달미술관(여주세계생활도자관),,0,37.3007733,127.6569227,031-884-8644
5700000,여주산림박물관,,0,37.2778741,127.6479081,031-887-2741
5700000,목아박물관,,5000,37.2882091,127.6878915,031-885-9952
5700000,여성생활사박물관,,5000,37.2427216,127.7078839,031-882-8100
5700000,한얼테마박물관,,5000,37.3986436,127.609115,031-881-6316
5700000,어우재미술관,,2000,37.1467474,127.6757289,031-883-9080
5700000,죽포미술관,,0,37.408668,127.4427309,031-881-5905
5700000,곤충박물관,,4000,37.278575,127.657826,031-885-1400
5700000,성지박물관,,5000,37.2204392,127.6416356,031-884-0118
5700000,여주시립폰박물관,,3000,37.2935942,127.666462,031-887-3548
5700000,명성황후기념관,,1000,37.2605708,127.656887,031-880-4022
5700000,여주박물관,,0,37.299651,127.653401,031-887-3583
4030000,향토사료관,,0,37.3422075,126.9696907,031-345-3666
4030000,철도박물관,,2000,37.3142825,126.9536889,031-461-3610
5130000,경산시립박물관,,0,35.8139457,128.7631254,053-804-7314
5130000,삼성현역사문화관,,2000,35.8017607,128.7972101,053-804-7329
4260000,한얼문예박물관,,0,37.488287,128.072096,033-345-0151
4720000,대한민국 술테마박물관,,2000,35.7261382,127.1339071,063-290-3842
4520000,온양민속박물관,,5000,36.793157,127.006531,041-542-6001
4520000,영인산산림박물관,,0,36.843789,126.941294,041-538-1946
4520000,외암민속관,,2000,36.730757,127.013575,041-536-8497
4520000,공세리성당박물관,,0,36.8829251,126.913494,041-533-8181
4520000,정린박물관,,4000,36.773354,127.117923,041-549-4005
4520000,당림미술관,,4000,36.743087,127.017862,041-543-6969
4730000,진안가위박물관,,4000,35.765881,127.415035,063-432-3232
4730000,진안역사박물관,,0,35.772442,127.416666,063-430-8085
4730000,용담호사진문화관,,0,35.878521,127.480112,063-430-2325
4730000,수몰문화미술관,,0,35.461212,127.251212,063-430-2325
4310000,화천민속박물관,,0,38.097746,127.703957,033-440-2549
4420000,보은향토민속자료전시관,,0,36.4893349,127.727208,043-540-3898
4420000,솔향공원 소나무전시관,,0,36.4991785,127.7995082,043-540-3774
4770000,옥천골미술관,,0,35.374249,127.145308,063-650-1638
4770000,섬진강미술관,,0,35.426558,127.218925,063-653-2296
4770000,순창장류박물관,,0,35.369938,127.111161,063-650-1627
4000000,한신대학교박물관,,0,37.1936685,127.023878,031-379-0195
4000000,유엔군초전기념관,,0,37.184171,127.048986,031-377-1625
3200000,호림박물관,,4000,37.481336,126.917921,02-858-2500
3200000,서울대학교 박물관,,0,37.464656,126.952193,02-880-5332
3200000,서울시립 남서울미술관,,0,37.476243,126.979376,02-598-6247
3200000,서울대학교 미술관,,3000,37.466566,126.949592,02-880-9504
4610000,윤봉길의사기념관,,0,36.686414,126.64875,041-337-4108
4610000,한국고건축박물관,,2000,36.694,126.658724,041-337-5877
4610000,수덕사근역성보관,,3000,36.662372,126.620495,041-337-2902
4610000,한국문인인장박물관,,0,36.547184,126.747916,031-302-0591
4610000,한국토종씨앗박물관,,1000,36.665574,126.876437,041-333-5613
4610000,수덕사선미술관,,3000,36.660842,126.619733,
3350000,부산대박물관,,0,35.233554,129.079785,051-510-1838
3350000,범어사성보박물관,,0,35.284654,129.069782,051-508-6139
3350000,오륜대한국순교자박물관,,2000,35.246282,129.101443,051-583-2923
3350000,킴스아트필드미술관,,0,35.252367,129.053977,051-517-6800
3510500,인하대학교박물관,,0,37.4500221,126.653488,032-860-8260
3510500,국제성서박물관,,0,37.4592296,126.6784608,032-874-0385
3510500,불교사리박물관,,0,37.4379024,126.6629337,032-875-2384
3510500,범패박물관,,3000,37.4647523,126.6512175,032-886-0029
3510500,송암미술관,,0,37.4342786,126.6420845,032-440-6770
3510500,인천어린이박물관,,5000,37.4360819,126.6891166,032-432-5600
3510500,송암박두성기념관,,0,37.4492558,126.6669561,032-876-3500
4200000,오죽헌/시립박물관,,3000,37.779191,128.878139,033-660-3300
4200000,대관령박물관,,1000,37.716618,128.803792,033-660-3300
4200000,강릉시립미술관,,0,37.760697,128.80775,033-640-4271
4350000,오산리선사유적박물관,,1000,38.085892,128.660532,033-670-2442
4350000,일현미술관,,2000,38.061701,128.678307,033-670-8450
5170000,영양산촌박물관,,0,36.615328,129.084072,054-680-5367
4280000,월정사 성보박물관,,0,37.718455,128.602827,033-339-7000
4280000,고려궁박물관,,0,37.619736,128.649328,033-336-1111
3930000,성호기념관,,500,37.314207,126.860491,031-481-2574
3930000,최용신기념관,,0,37.299605,126.862732,031-481-3040
3930000,안산향토사박물관,,0,37.299094,126.847974,031-415-0041
3930000,안산어촌민속박물관,,2000,37.192438,126.646101,032-886-2912
3930000,단원미술관,,2000,37.315587,126.851514,031-481-0505
3930000,맥아트미술관,,10000,37.220591,126.602059,032-888-6262
3930000,유리섬미술관,,10000,37.220591,126.602059,032-888-6262
3930000,정문규미술관,,0,37.205297,126.644245,032-881-2753
3930000,종이미술관,,5000,37.224455,126.575946,032-887-0606
3930000,이풀실내정원,,0,37.310679,126.88927,031-437-2525
4440000,영동군 난계국악박물관,,2000,36.210131,127.705152,043-740-3886
4390000,충주고구려천문과학관,,3000,37.040354,127.848417,043-842-3247
4390000,세계무술박물관,,0,36.591766,127.544059,043-850-6733
4390000,충렬사유물전시관,,0,36.946228,127.906206,043-850-7302
4390000,충주박물관,,0,37.017107,127.865611,043-850-3927
4390000,조동리선사유적박물관,,0,37.026491,127.961838,043-850-3991
4390000,충주과수과학관,,0,37.044768,127.929021,043-850-3258
4390000,한국교통대학교 박물관,,0,36.969013,127.871751,043-841-5696
4390000,세계술문화박물관,,5000,37.018767,127.865646,043-855-7333
4390000,관아갤러리,,0,36.970052,127.933887,043-850-3911
4390000,성마루미술관,,0,36.9613298,127.8388283,043-853-1883
3690000,외솔기념관,,0,37.518008,127.114457,052-290-4828
3330000,고은사진미술관,,0,35.163519,129.141207,051-746-0055
4740000,최북미술관,,0,36.000223,127.6625944,063-320-5636
4740000,반디랜드 곤충박물관,,5000,36.013229,127.758745,063-324-1188
4470000,철박물관,,0,37.090891,127.649421,043-883-2321
4470000,한독의약박물관,,0,36.970552,127.465238,043-530-1004
4820000,순천시립뿌리깊은나무박물관,,1000,34.903831,127.339855,061-749-8858
4820000,순천시기독교역사박물관,,0,34.9602917,127.48017,061-749-4532
4600000,고암 이응노생가 기념관,,1000,36.6230652,126.6319405,041-630-9232
4600000,결성농요농사박물관,,0,36.5323332,126.5477433,041-642-1993
4600000,홍주성 역사관,,0,36.6002616,126.6432671,041-630-9240
4600000,한국식기박물관,,0,36.4940345,126.7252049,041-642-3833
4850000,대담,,0,35.325254,126.9835,061-381-0082
4850000,보임쉔,,0,35.248682,126.879649,061-383-6473
4850000,나야나,,0,35.325872,126.983504,061-380-0080
4850000,담양우표,,0,35.276612,126.8894,061-383-3863
4850000,미암,,0,35.259953,127.021505,061-381-1239
4230000,속초시박물관,,2000,38.2005223,128.5396564,033-639-2978
6260000,부산광역시립미술관,,0,35.166744,129.137008,051-744-2602
6260000,부산현대미술관,,0,35.109633,128.942719,051-220-7400
4080000,안성맞춤박물관,,0,37.011318,127.228354,031-676-4352
4080000,안성3.1운동기념관,,0,37.061983,127.174452,031-678-2507
4080000,조병화문학관,,3000,37.1120754,127.221585,031-674-0307
4080000,DIMA MOA,,0,37.062338,127.353282,031-670-6938
3220000,경기여고경운박물관,,2000,37.487849,127.0661,02-3463-1336
3220000,세계골프역사박물관,,5000,37.50828,127.06196,02-2192-3005
3220000,코리아나 화장박물관,,4000,37.524071,127.032846,031-722-7000
3220000,도산안창호기념관,,0,37.523874,127.035456,02-541-1800
3220000,관세박물관,,0,37.518558,127.033922,02-510-1082
3220000,탄허기념박물관,,0,37.479,127.103,02-445-8486
3220000,호림박물관 신사분관,,8000,37.522852,127.036271,02-858-2500
3220000,포스코미술관,,0,37.506021,127.056137,02-3457-1665
3220000,코리아나미술관,,4000,37.524071,127.032846,031-722-7000
3220000,밀알미술관,,0,37.485679,127.082643,02-3412-0061
3220000,피규어뮤지엄W,,15000,37.525719,127.04032,070-7404-2240
3220000,K현대미술관,,15000,37.524282,127.039011,02-2138-0952
5590000,안상철미술관,,3000,37.778371,126.956991,031-874-0734
5590000,필룩스조명박물관,,5000,37.835731,126.968451,070-7780-8911
5590000,청암박물관,,5000,37.722055,126.945774,03-855-5100
5590000,양주시립장욱진미술관,,5000,37.732817,126.949252,031-8082-4245
5590000,가나아트파크,,8000,37.7258355,126.949339,031-877-0500
5250000,울진봉평신라비전시관,,0,37.04387546,129.4092729,054-789-5460
5250000,향암미술관,,3000,36.71812868,129.354602,054-787-0001
4400000,제천유물전시관,,3000,37.004049,128.171771,043-641-5532
4400000,제천의병전시관,,0,37.100232,128.086173,043-641-4808
4400000,국제한방발효박물관,,0,37.142868,128.160549,043-653-9550
4400000,지적박물관,,5000,37.076952,128.197749,043-651-5115
3540000,부평역사박물관,,0,37.512375,126.737918,032-515-6471
4450000,진천종박물관,,1500,36.870885,127.413701,043-539-3847
4450000,진천군립생거판화미술관,,1500,36.871295,127.414666,043-539-3607
4060000,화폐박물관,,3000,37.790809,126.697301,031-949-6592
4060000,기산미술관,,4000,37.773774,126.916467,031-943-8232
4060000,블루메미술관,,3000,37.788995,126.697025,031-944-6324
4060000,미메시스아트뮤지엄,,3000,37.716719,126.689026,031-955-4100
4060000,아트센터화이트블럭,,2000,37.788894,126.699389,031-992-4400
4060000,피노키오뮤지엄,,8000,37.708909,126.687553,031-8035-6773
4060000,벽봉한국장신구박물관,,5000,37.787631,126.700047,031-949-0848
4060000,영집궁시전시관,,3000,37.784882,126.711447,031-944-6800
4060000,파주나비나라박물관,,4000,37.714857,126.686892,031-955-3727
4060000,한국근현대사박물관,,7000,37.790875,126.695187,031-957-1125
4060000,한길책박물관,,6000,37.789257,126.697906,031-949-9786
4060000,세계민속악기박물관,,5000,37.791561,126.695175,031-946-9838
4060000,두루뫼사료관,,5000,37.856998,126.896056,031-958-6101
4060000,한향림옹기박물관,,3000,37.789929,126.700892,070-4161-7271
4060000,세계인형박물관,,5000,37.786855,126.702097,031-947-2575
4060000,타임앤블레이드박물관,,6000,37.787355,126.697861,031-949-5675
5400000,함안박물관,,0,35.160885,128.241281,055-580-3905
5400000,함안박물관,,0,35.160885,128.241281,055-580-3905
5400000,함안박물관,,0,35.160885,128.241281,055-580-3905
5400000,함안박물관,,0,35.160885,128.241281,055-580-3905
3030000,한양여자대학교 미술관,,0,37.5580179,127.046846,02-2290-2506
3030000,헬로우뮤지움 동네미술관,,5000,37.549721,127.0263106,02-562-4420
3030000,한양대학교 박물관,,0,37.5544649,127.0465971,02-2220-1394
3030000,수도박물관,,0,37.539697,127.0420438,02-3146-5921
3030000,청계천박물관,,0,37.5712267,127.034825,02-2286-3410
3900000,충현박물관,,3500,37.4337,126.8784,02-898-0505
3440000,극재미술관,,0,35.854633,128.581233,053-620-2381
4220000,태백고생대자연사박물관,,2000,37.0948919,129.0395556,033-581-3131
4220000,태백석탄박물관,,0,37.117311,128.950511,033-552-7720
4620000,고남패총박물관,,1200,36.420487,126.410083,041-670-5617
4890000,보성군립백민미술관,,0,34.967235,127.160095,061-853-0003
4890000,한국차박물관,,1000,34.7198297,127.018198,061-852-0918
5460000,함양박물관,,0,35.524814,127.721726,055-960-5532
3460000,박물관수,,5000,35.864878,128.634161,053-744-5500
3460000,대구은행금융박물관,,0,35.859121,128.614987,053-740-2061
3460000,국립대구박물관,,0,35.846114,128.638499,053-768-6051
5570000,증평민속체험박물관,,0,36.763944,127.595498,043-835-4161